<odoo>
    <data>

        <!--<record id="cerio" model="game.cerio">
            <field name="cercio">Cerio</field>
            <field name="value">500</field>
        </record>-->
        <!--  -->
        <!--   <record id="object1" model="game.game"> -->
        <!--     <field name="name">Object 1</field> -->
        <!--     <field name="value">10</field> -->
        <!--   </record> -->
        <!--  -->
        <!--   <record id="object2" model="game.game"> -->
        <!--     <field name="name">Object 2</field> -->
        <!--     <field name="value">20</field> -->
        <!--   </record> -->
        <!--  -->
        <!--   <record id="object3" model="game.game"> -->
        <!--     <field name="name">Object 3</field> -->
        <!--     <field name="value">30</field> -->
        <!--   </record> -->
        <!--  -->
        <!--   <record id="object4" model="game.game"> -->
        <!--     <field name="name">Object 4</field> -->
        <!--     <field name="value">40</field> -->
        <!--   </record> -->
        <!--  -->
    </data>

</odoo>