id,name,model_id:id,group_id:id,perm_read,perm_write,perm_create,perm_unlink
access_game_jugador,game.jugador,model_game_jugador,,1,1,1,1
access_game_ciutat,game.ciutat,model_game_ciutat,,1,1,1,1
access_game_recurs,game.recurs,model_game_recurs,,1,1,1,1
access_game_recursos,game.recursos,model_game_recursos,,1,1,1,1
access_game_mines,game.mines,model_game_mines,,1,1,1,1
access_game_mina,game.mina,model_game_mina,,1,1,1,1
access_game_ejercito,game.ejercito,model_game_ejercito,,1,1,1,1
access_game_naves,game.naves,model_game_naves,,1,1,1,1
access_game_nave,game.nave,model_game_nave,,1,1,1,1
